train_loss,eval_gr_dist,time_this_iter_s,done,timesteps_total,episodes_total,training_iteration,experiment_id,date,timestamp,time_total_s,pid,hostname,node_ip,time_since_restore,timesteps_since_restore,iterations_since_restore,trial_id
0.6282760085762706,124.23735408560312,31.662463903427124,False,,,1,5d3bd3f18af4476eada819610c6df08c,2021-05-05_03-01-12,1620183672,31.662463903427124,23412,gpu2,135.181.63.164,31.662463903427124,0,1,11f54_00000
0.5592922032575199,126.02334630350195,10.972508907318115,False,,,2,5d3bd3f18af4476eada819610c6df08c,2021-05-05_03-01-23,1620183683,42.63497281074524,23412,gpu2,135.181.63.164,42.63497281074524,0,2,11f54_00000
0.5506877899169922,124.23735408560312,10.599573373794556,False,,,3,5d3bd3f18af4476eada819610c6df08c,2021-05-05_03-01-34,1620183694,53.234546184539795,23412,gpu2,135.181.63.164,53.234546184539795,0,3,11f54_00000
0.5363149605836386,124.23735408560312,10.604785442352295,False,,,4,5d3bd3f18af4476eada819610c6df08c,2021-05-05_03-01-44,1620183704,63.83933162689209,23412,gpu2,135.181.63.164,63.83933162689209,0,4,11f54_00000
0.5422468296748655,124.23735408560312,10.68122911453247,False,,,5,5d3bd3f18af4476eada819610c6df08c,2021-05-05_03-01-55,1620183715,74.52056074142456,23412,gpu2,135.181.63.164,74.52056074142456,0,5,11f54_00000
0.5390377118893634,124.23735408560312,10.75937557220459,False,,,6,5d3bd3f18af4476eada819610c6df08c,2021-05-05_03-02-06,1620183726,85.27993631362915,23412,gpu2,135.181.63.164,85.27993631362915,0,6,11f54_00000
0.5361559678608342,124.23735408560312,10.79394817352295,False,,,7,5d3bd3f18af4476eada819610c6df08c,2021-05-05_03-02-17,1620183737,96.0738844871521,23412,gpu2,135.181.63.164,96.0738844871521,0,7,11f54_00000
0.5424443404498267,124.23735408560312,10.592134237289429,False,,,8,5d3bd3f18af4476eada819610c6df08c,2021-05-05_03-02-27,1620183747,106.66601872444153,23412,gpu2,135.181.63.164,106.66601872444153,0,8,11f54_00000
0.5301485618264759,124.23735408560312,10.637080430984497,False,,,9,5d3bd3f18af4476eada819610c6df08c,2021-05-05_03-02-38,1620183758,117.30309915542603,23412,gpu2,135.181.63.164,117.30309915542603,0,9,11f54_00000
0.5393160066715939,124.23735408560312,10.681201934814453,False,,,10,5d3bd3f18af4476eada819610c6df08c,2021-05-05_03-02-49,1620183769,127.98430109024048,23412,gpu2,135.181.63.164,127.98430109024048,0,10,11f54_00000
0.5289033897192098,124.1284046692607,10.75845456123352,False,,,11,5d3bd3f18af4476eada819610c6df08c,2021-05-05_03-02-59,1620183779,138.742755651474,23412,gpu2,135.181.63.164,138.742755651474,0,11,11f54_00000
0.5315153589508412,123.93385214007782,10.550065517425537,False,,,12,5d3bd3f18af4476eada819610c6df08c,2021-05-05_03-03-10,1620183790,149.29282116889954,23412,gpu2,135.181.63.164,149.29282116889954,0,12,11f54_00000
0.5270710288318678,123.93774319066148,10.82577919960022,False,,,13,5d3bd3f18af4476eada819610c6df08c,2021-05-05_03-03-21,1620183801,160.11860036849976,23412,gpu2,135.181.63.164,160.11860036849976,0,13,11f54_00000
0.5361658014675986,123.86381322957199,10.591360092163086,False,,,14,5d3bd3f18af4476eada819610c6df08c,2021-05-05_03-03-31,1620183811,170.70996046066284,23412,gpu2,135.181.63.164,170.70996046066284,0,14,11f54_00000
0.5287042981455762,122.93385214007782,10.754647731781006,False,,,15,5d3bd3f18af4476eada819610c6df08c,2021-05-05_03-03-42,1620183822,181.46460819244385,23412,gpu2,135.181.63.164,181.46460819244385,0,15,11f54_00000
0.5377695848041936,120.19066147859922,10.672427415847778,False,,,16,5d3bd3f18af4476eada819610c6df08c,2021-05-05_03-03-53,1620183833,192.13703560829163,23412,gpu2,135.181.63.164,192.13703560829163,0,16,11f54_00000
0.520592559636335,116.73540856031128,10.619000911712646,False,,,17,5d3bd3f18af4476eada819610c6df08c,2021-05-05_03-04-03,1620183843,202.75603652000427,23412,gpu2,135.181.63.164,202.75603652000427,0,17,11f54_00000
0.5227901295465254,114.78599221789884,10.533802509307861,False,,,18,5d3bd3f18af4476eada819610c6df08c,2021-05-05_03-04-14,1620183854,213.28983902931213,23412,gpu2,135.181.63.164,213.28983902931213,0,18,11f54_00000
0.5131454838852938,114.40856031128405,10.61995553970337,False,,,19,5d3bd3f18af4476eada819610c6df08c,2021-05-05_03-04-25,1620183865,223.9097945690155,23412,gpu2,135.181.63.164,223.9097945690155,0,19,11f54_00000
0.5109880499338826,111.78599221789884,10.459331035614014,False,,,20,5d3bd3f18af4476eada819610c6df08c,2021-05-05_03-04-35,1620183875,234.36912560462952,23412,gpu2,135.181.63.164,234.36912560462952,0,20,11f54_00000
0.511124659141214,98.32295719844358,10.52213740348816,False,,,21,5d3bd3f18af4476eada819610c6df08c,2021-05-05_03-04-45,1620183885,244.89126300811768,23412,gpu2,135.181.63.164,244.89126300811768,0,21,11f54_00000
0.5083521757608258,112.36575875486382,10.650388240814209,False,,,22,5d3bd3f18af4476eada819610c6df08c,2021-05-05_03-04-56,1620183896,255.54165124893188,23412,gpu2,135.181.63.164,255.54165124893188,0,22,11f54_00000
0.5065391258506924,117.68093385214007,10.743582010269165,False,,,23,5d3bd3f18af4476eada819610c6df08c,2021-05-05_03-05-07,1620183907,266.28523325920105,23412,gpu2,135.181.63.164,266.28523325920105,0,23,11f54_00000
0.506889558487829,116.72762645914396,10.387049674987793,False,,,24,5d3bd3f18af4476eada819610c6df08c,2021-05-05_03-05-17,1620183917,276.67228293418884,23412,gpu2,135.181.63.164,276.67228293418884,0,24,11f54_00000
0.505117498019326,116.12451361867704,10.421770572662354,False,,,25,5d3bd3f18af4476eada819610c6df08c,2021-05-05_03-05-28,1620183928,287.0940535068512,23412,gpu2,135.181.63.164,287.0940535068512,0,25,11f54_00000
0.49727509643317197,111.54474708171206,10.582479000091553,False,,,26,5d3bd3f18af4476eada819610c6df08c,2021-05-05_03-05-38,1620183938,297.67653250694275,23412,gpu2,135.181.63.164,297.67653250694275,0,26,11f54_00000
0.4997512505676032,100.23735408560312,10.450961351394653,False,,,27,5d3bd3f18af4476eada819610c6df08c,2021-05-05_03-05-49,1620183949,308.1274938583374,23412,gpu2,135.181.63.164,308.1274938583374,0,27,11f54_00000
0.4835258142493578,94.52918287937743,10.352437973022461,False,,,28,5d3bd3f18af4476eada819610c6df08c,2021-05-05_03-05-59,1620183959,318.47993183135986,23412,gpu2,135.181.63.164,318.47993183135986,0,28,11f54_00000
0.4828449798465239,78.70038910505836,10.456047534942627,False,,,29,5d3bd3f18af4476eada819610c6df08c,2021-05-05_03-06-10,1620183970,328.9359793663025,23412,gpu2,135.181.63.164,328.9359793663025,0,29,11f54_00000
0.4766482713157565,83.01167315175097,10.353623867034912,False,,,30,5d3bd3f18af4476eada819610c6df08c,2021-05-05_03-06-20,1620183980,339.2896032333374,23412,gpu2,135.181.63.164,339.2896032333374,0,30,11f54_00000
0.4908326664787322,84.30739299610894,10.218302488327026,False,,,31,5d3bd3f18af4476eada819610c6df08c,2021-05-05_03-06-30,1620183990,349.50790572166443,23412,gpu2,135.181.63.164,349.50790572166443,0,31,11f54_00000
0.4881692953146849,77.20622568093385,9.943037271499634,False,,,32,5d3bd3f18af4476eada819610c6df08c,2021-05-05_03-06-40,1620184000,359.45094299316406,23412,gpu2,135.181.63.164,359.45094299316406,0,32,11f54_00000
0.476324452500399,78.63424124513618,10.172089576721191,False,,,33,5d3bd3f18af4476eada819610c6df08c,2021-05-05_03-06-50,1620184010,369.62303256988525,23412,gpu2,135.181.63.164,369.62303256988525,0,33,11f54_00000
0.4642013223254727,78.284046692607,10.362992286682129,False,,,34,5d3bd3f18af4476eada819610c6df08c,2021-05-05_03-07-01,1620184021,379.9860248565674,23412,gpu2,135.181.63.164,379.9860248565674,0,34,11f54_00000
0.4615714373755548,85.68482490272373,10.419019222259521,False,,,35,5d3bd3f18af4476eada819610c6df08c,2021-05-05_03-07-11,1620184031,390.4050440788269,23412,gpu2,135.181.63.164,390.4050440788269,0,35,11f54_00000
0.45900401994875895,73.3112840466926,10.42522668838501,False,,,36,5d3bd3f18af4476eada819610c6df08c,2021-05-05_03-07-21,1620184041,400.8302707672119,23412,gpu2,135.181.63.164,400.8302707672119,0,36,11f54_00000
0.4588630616896811,77.3307392996109,10.40025544166565,False,,,37,5d3bd3f18af4476eada819610c6df08c,2021-05-05_03-07-32,1620184052,411.23052620887756,23412,gpu2,135.181.63.164,411.23052620887756,0,37,11f54_00000
0.46739233143134806,86.19066147859922,10.243103265762329,False,,,38,5d3bd3f18af4476eada819610c6df08c,2021-05-05_03-07-42,1620184062,421.4736294746399,23412,gpu2,135.181.63.164,421.4736294746399,0,38,11f54_00000
0.45115218552170094,94.65758754863813,10.330137968063354,False,,,39,5d3bd3f18af4476eada819610c6df08c,2021-05-05_03-07-52,1620184072,431.80376744270325,23412,gpu2,135.181.63.164,431.80376744270325,0,39,11f54_00000
0.4559786607319279,95.80155642023347,10.375359773635864,False,,,40,5d3bd3f18af4476eada819610c6df08c,2021-05-05_03-08-03,1620184083,442.1791272163391,23412,gpu2,135.181.63.164,442.1791272163391,0,40,11f54_00000
0.4543964816438549,85.9727626459144,10.294371843338013,False,,,41,5d3bd3f18af4476eada819610c6df08c,2021-05-05_03-08-13,1620184093,452.4734990596771,23412,gpu2,135.181.63.164,452.4734990596771,0,41,11f54_00000
0.4505023882082928,94.95330739299611,10.512834787368774,False,,,42,5d3bd3f18af4476eada819610c6df08c,2021-05-05_03-08-24,1620184104,462.9863338470459,23412,gpu2,135.181.63.164,462.9863338470459,0,42,11f54_00000
0.45061094380538286,83.75097276264592,10.070040941238403,False,,,43,5d3bd3f18af4476eada819610c6df08c,2021-05-05_03-08-34,1620184114,473.0563747882843,23412,gpu2,135.181.63.164,473.0563747882843,0,43,11f54_00000
0.45047020819400535,86.17120622568093,10.340500354766846,False,,,44,5d3bd3f18af4476eada819610c6df08c,2021-05-05_03-08-44,1620184124,483.39687514305115,23412,gpu2,135.181.63.164,483.39687514305115,0,44,11f54_00000
0.4364806000824568,91.3852140077821,10.209941148757935,False,,,45,5d3bd3f18af4476eada819610c6df08c,2021-05-05_03-08-54,1620184134,493.6068162918091,23412,gpu2,135.181.63.164,493.6068162918091,0,45,11f54_00000
0.43666924947894503,86.8171206225681,10.31292724609375,False,,,46,5d3bd3f18af4476eada819610c6df08c,2021-05-05_03-09-05,1620184145,503.91974353790283,23412,gpu2,135.181.63.164,503.91974353790283,0,46,11f54_00000
0.45079933344622064,95.21011673151752,10.694300174713135,False,,,47,5d3bd3f18af4476eada819610c6df08c,2021-05-05_03-09-15,1620184155,514.614043712616,23412,gpu2,135.181.63.164,514.614043712616,0,47,11f54_00000
0.4351983719762661,95.19844357976653,10.517972946166992,False,,,48,5d3bd3f18af4476eada819610c6df08c,2021-05-05_03-09-26,1620184166,525.132016658783,23412,gpu2,135.181.63.164,525.132016658783,0,48,11f54_00000
0.43467147619343915,93.36575875486382,10.243289232254028,False,,,49,5d3bd3f18af4476eada819610c6df08c,2021-05-05_03-09-36,1620184176,535.375305891037,23412,gpu2,135.181.63.164,535.375305891037,0,49,11f54_00000
0.431555157969434,92.33463035019456,10.490415334701538,False,,,50,5d3bd3f18af4476eada819610c6df08c,2021-05-05_03-09-46,1620184186,545.8657212257385,23412,gpu2,135.181.63.164,545.8657212257385,0,50,11f54_00000
0.43535674870709967,92.9727626459144,10.468804597854614,False,,,51,5d3bd3f18af4476eada819610c6df08c,2021-05-05_03-09-57,1620184197,556.3345258235931,23412,gpu2,135.181.63.164,556.3345258235931,0,51,11f54_00000
0.4377009915006764,58.01556420233463,10.234220266342163,False,,,52,5d3bd3f18af4476eada819610c6df08c,2021-05-05_03-10-07,1620184207,566.5687460899353,23412,gpu2,135.181.63.164,566.5687460899353,0,52,11f54_00000
0.4233293941512646,56.38910505836576,10.305441856384277,False,,,53,5d3bd3f18af4476eada819610c6df08c,2021-05-05_03-10-17,1620184217,576.8741879463196,23412,gpu2,135.181.63.164,576.8741879463196,0,53,11f54_00000
0.42905759254782116,54.14785992217899,10.139893531799316,False,,,54,5d3bd3f18af4476eada819610c6df08c,2021-05-05_03-10-28,1620184228,587.0140814781189,23412,gpu2,135.181.63.164,587.0140814781189,0,54,11f54_00000
0.4316798703679779,53.78599221789883,10.500508069992065,False,,,55,5d3bd3f18af4476eada819610c6df08c,2021-05-05_03-10-38,1620184238,597.514589548111,23412,gpu2,135.181.63.164,597.514589548111,0,55,11f54_00000
0.431366619896796,76.68093385214007,10.426027297973633,False,,,56,5d3bd3f18af4476eada819610c6df08c,2021-05-05_03-10-49,1620184249,607.9406168460846,23412,gpu2,135.181.63.164,607.9406168460846,0,56,11f54_00000
0.42630854654868755,59.66147859922179,9.971174478530884,False,,,57,5d3bd3f18af4476eada819610c6df08c,2021-05-05_03-10-59,1620184259,617.9117913246155,23412,gpu2,135.181.63.164,617.9117913246155,0,57,11f54_00000
0.428645174790913,61.14007782101167,10.19898009300232,False,,,58,5d3bd3f18af4476eada819610c6df08c,2021-05-05_03-11-09,1620184269,628.1107714176178,23412,gpu2,135.181.63.164,628.1107714176178,0,58,11f54_00000
0.42658735342062865,57.961089494163424,10.141950607299805,False,,,59,5d3bd3f18af4476eada819610c6df08c,2021-05-05_03-11-19,1620184279,638.2527220249176,23412,gpu2,135.181.63.164,638.2527220249176,0,59,11f54_00000
0.4301324540075161,63.43968871595331,10.224802255630493,False,,,60,5d3bd3f18af4476eada819610c6df08c,2021-05-05_03-11-29,1620184289,648.4775242805481,23412,gpu2,135.181.63.164,648.4775242805481,0,60,11f54_00000
0.4138417522267145,42.5875486381323,9.93546462059021,False,,,61,5d3bd3f18af4476eada819610c6df08c,2021-05-05_03-11-39,1620184299,658.4129889011383,23412,gpu2,135.181.63.164,658.4129889011383,0,61,11f54_00000
0.42854807812879986,67.03501945525292,10.30959153175354,False,,,62,5d3bd3f18af4476eada819610c6df08c,2021-05-05_03-11-49,1620184309,668.7225804328918,23412,gpu2,135.181.63.164,668.7225804328918,0,62,11f54_00000
0.42030507395703504,53.6692607003891,10.208287954330444,False,,,63,5d3bd3f18af4476eada819610c6df08c,2021-05-05_03-12-00,1620184320,678.9308683872223,23412,gpu2,135.181.63.164,678.9308683872223,0,63,11f54_00000
0.42423331412823745,72.52140077821012,10.210123300552368,False,,,64,5d3bd3f18af4476eada819610c6df08c,2021-05-05_03-12-10,1620184330,689.1409916877747,23412,gpu2,135.181.63.164,689.1409916877747,0,64,11f54_00000
0.42006520816788134,47.85214007782101,9.91591477394104,False,,,65,5d3bd3f18af4476eada819610c6df08c,2021-05-05_03-12-20,1620184340,699.0569064617157,23412,gpu2,135.181.63.164,699.0569064617157,0,65,11f54_00000
0.4068712687214061,86.59143968871595,10.339838981628418,False,,,66,5d3bd3f18af4476eada819610c6df08c,2021-05-05_03-12-30,1620184350,709.3967454433441,23412,gpu2,135.181.63.164,709.3967454433441,0,66,11f54_00000
0.40776804170719844,58.60700389105058,10.051666021347046,False,,,67,5d3bd3f18af4476eada819610c6df08c,2021-05-05_03-12-40,1620184360,719.4484114646912,23412,gpu2,135.181.63.164,719.4484114646912,0,67,11f54_00000
0.41499921598323125,65.14007782101167,10.450966596603394,False,,,68,5d3bd3f18af4476eada819610c6df08c,2021-05-05_03-12-50,1620184370,729.8993780612946,23412,gpu2,135.181.63.164,729.8993780612946,0,68,11f54_00000
0.41009566013915066,86.84824902723736,10.286664962768555,False,,,69,5d3bd3f18af4476eada819610c6df08c,2021-05-05_03-13-01,1620184381,740.1860430240631,23412,gpu2,135.181.63.164,740.1860430240631,0,69,11f54_00000
0.41021853940496183,55.31517509727627,10.218254089355469,False,,,70,5d3bd3f18af4476eada819610c6df08c,2021-05-05_03-13-11,1620184391,750.4042971134186,23412,gpu2,135.181.63.164,750.4042971134186,0,70,11f54_00000
0.4153819548016856,58.59143968871595,10.180059432983398,False,,,71,5d3bd3f18af4476eada819610c6df08c,2021-05-05_03-13-21,1620184401,760.584356546402,23412,gpu2,135.181.63.164,760.584356546402,0,71,11f54_00000
0.4042184807447144,46.85992217898833,10.180915832519531,False,,,72,5d3bd3f18af4476eada819610c6df08c,2021-05-05_03-13-31,1620184411,770.7652723789215,23412,gpu2,135.181.63.164,770.7652723789215,0,72,11f54_00000
0.40662127246188745,69.3385214007782,10.07996153831482,False,,,73,5d3bd3f18af4476eada819610c6df08c,2021-05-05_03-13-41,1620184421,780.8452339172363,23412,gpu2,135.181.63.164,780.8452339172363,0,73,11f54_00000
0.39776315206683566,50.69649805447471,9.957247257232666,False,,,74,5d3bd3f18af4476eada819610c6df08c,2021-05-05_03-13-51,1620184431,790.802481174469,23412,gpu2,135.181.63.164,790.802481174469,0,74,11f54_00000
0.40480445238402846,60.90661478599222,9.973788976669312,False,,,75,5d3bd3f18af4476eada819610c6df08c,2021-05-05_03-14-01,1620184441,800.7762701511383,23412,gpu2,135.181.63.164,800.7762701511383,0,75,11f54_00000
0.3911378912424763,58.21011673151751,10.3433096408844,False,,,76,5d3bd3f18af4476eada819610c6df08c,2021-05-05_03-14-12,1620184452,811.1195797920227,23412,gpu2,135.181.63.164,811.1195797920227,0,76,11f54_00000
0.3973851036932682,61.61867704280156,10.115142822265625,False,,,77,5d3bd3f18af4476eada819610c6df08c,2021-05-05_03-14-22,1620184462,821.2347226142883,23412,gpu2,135.181.63.164,821.2347226142883,0,77,11f54_00000
0.3959747641003086,67.26459143968872,10.543984413146973,False,,,78,5d3bd3f18af4476eada819610c6df08c,2021-05-05_03-14-32,1620184472,831.7787070274353,23412,gpu2,135.181.63.164,831.7787070274353,0,78,11f54_00000
0.38818396482950057,38.30350194552529,10.052080392837524,False,,,79,5d3bd3f18af4476eada819610c6df08c,2021-05-05_03-14-42,1620184482,841.8307874202728,23412,gpu2,135.181.63.164,841.8307874202728,0,79,11f54_00000
0.4041528330702726,80.0272373540856,10.115339994430542,False,,,80,5d3bd3f18af4476eada819610c6df08c,2021-05-05_03-14-53,1620184493,851.9461274147034,23412,gpu2,135.181.63.164,851.9461274147034,0,80,11f54_00000
0.40242350611705263,54.175097276264594,10.192649364471436,False,,,81,5d3bd3f18af4476eada819610c6df08c,2021-05-05_03-15-03,1620184503,862.1387767791748,23412,gpu2,135.181.63.164,862.1387767791748,0,81,11f54_00000
0.40431578521134787,50.63813229571984,10.14655327796936,False,,,82,5d3bd3f18af4476eada819610c6df08c,2021-05-05_03-15-13,1620184513,872.2853300571442,23412,gpu2,135.181.63.164,872.2853300571442,0,82,11f54_00000
0.3878794532805565,49.16731517509728,10.028135538101196,False,,,83,5d3bd3f18af4476eada819610c6df08c,2021-05-05_03-15-23,1620184523,882.3134655952454,23412,gpu2,135.181.63.164,882.3134655952454,0,83,11f54_00000
0.4063805383467025,54.32295719844358,10.204159498214722,False,,,84,5d3bd3f18af4476eada819610c6df08c,2021-05-05_03-15-33,1620184533,892.5176250934601,23412,gpu2,135.181.63.164,892.5176250934601,0,84,11f54_00000
0.38393035101983336,47.175097276264594,10.148411750793457,False,,,85,5d3bd3f18af4476eada819610c6df08c,2021-05-05_03-15-43,1620184543,902.6660368442535,23412,gpu2,135.181.63.164,902.6660368442535,0,85,11f54_00000
0.39520015419689136,74.48249027237354,10.301277875900269,False,,,86,5d3bd3f18af4476eada819610c6df08c,2021-05-05_03-15-54,1620184554,912.9673147201538,23412,gpu2,135.181.63.164,912.9673147201538,0,86,11f54_00000
0.3746597423627683,50.202334630350194,10.006484508514404,False,,,87,5d3bd3f18af4476eada819610c6df08c,2021-05-05_03-16-04,1620184564,922.9737992286682,23412,gpu2,135.181.63.164,922.9737992286682,0,87,11f54_00000
0.3895706221287353,53.08171206225681,10.218056440353394,False,,,88,5d3bd3f18af4476eada819610c6df08c,2021-05-05_03-16-14,1620184574,933.1918556690216,23412,gpu2,135.181.63.164,933.1918556690216,0,88,11f54_00000
0.3762354795107118,46.31517509727627,10.124907732009888,False,,,89,5d3bd3f18af4476eada819610c6df08c,2021-05-05_03-16-24,1620184584,943.3167634010315,23412,gpu2,135.181.63.164,943.3167634010315,0,89,11f54_00000
0.3901305588302909,72.03112840466926,10.141337871551514,False,,,90,5d3bd3f18af4476eada819610c6df08c,2021-05-05_03-16-34,1620184594,953.458101272583,23412,gpu2,135.181.63.164,953.458101272583,0,90,11f54_00000
0.38139053448628824,53.08949416342413,10.129082679748535,False,,,91,5d3bd3f18af4476eada819610c6df08c,2021-05-05_03-16-44,1620184604,963.5871839523315,23412,gpu2,135.181.63.164,963.5871839523315,0,91,11f54_00000
0.37799067812670994,91.47859922178988,10.267938137054443,False,,,92,5d3bd3f18af4476eada819610c6df08c,2021-05-05_03-16-54,1620184614,973.855122089386,23412,gpu2,135.181.63.164,973.855122089386,0,92,11f54_00000
0.3769866928516195,48.86770428015564,10.232456684112549,False,,,93,5d3bd3f18af4476eada819610c6df08c,2021-05-05_03-17-05,1620184625,984.0875787734985,23412,gpu2,135.181.63.164,984.0875787734985,0,93,11f54_00000
0.3794364483903818,72.99221789883268,9.989051342010498,False,,,94,5d3bd3f18af4476eada819610c6df08c,2021-05-05_03-17-15,1620184635,994.076630115509,23412,gpu2,135.181.63.164,994.076630115509,0,94,11f54_00000
0.384505186563336,60.731517509727624,10.220132112503052,False,,,95,5d3bd3f18af4476eada819610c6df08c,2021-05-05_03-17-25,1620184645,1004.2967622280121,23412,gpu2,135.181.63.164,1004.2967622280121,0,95,11f54_00000
0.3813378337756205,48.054474708171206,10.00446105003357,False,,,96,5d3bd3f18af4476eada819610c6df08c,2021-05-05_03-17-35,1620184655,1014.3012232780457,23412,gpu2,135.181.63.164,1014.3012232780457,0,96,11f54_00000
0.3823654679472808,41.36964980544747,9.997260570526123,False,,,97,5d3bd3f18af4476eada819610c6df08c,2021-05-05_03-17-45,1620184665,1024.2984838485718,23412,gpu2,135.181.63.164,1024.2984838485718,0,97,11f54_00000
0.365370000846655,66.90272373540856,10.701494455337524,False,,,98,5d3bd3f18af4476eada819610c6df08c,2021-05-05_03-17-56,1620184676,1034.9999783039093,23412,gpu2,135.181.63.164,1034.9999783039093,0,98,11f54_00000
0.36699390782456454,36.96498054474708,9.792446613311768,False,,,99,5d3bd3f18af4476eada819610c6df08c,2021-05-05_03-18-05,1620184685,1044.792424917221,23412,gpu2,135.181.63.164,1044.792424917221,0,99,11f54_00000
0.3657592446887539,82.19844357976653,10.436349153518677,False,,,100,5d3bd3f18af4476eada819610c6df08c,2021-05-05_03-18-16,1620184696,1055.2287740707397,23412,gpu2,135.181.63.164,1055.2287740707397,0,100,11f54_00000
0.3740557214165476,62.24124513618677,10.197992086410522,False,,,101,5d3bd3f18af4476eada819610c6df08c,2021-05-05_03-18-26,1620184706,1065.4267661571503,23412,gpu2,135.181.63.164,1065.4267661571503,0,101,11f54_00000
0.37740619822698807,93.1750972762646,10.1530122756958,False,,,102,5d3bd3f18af4476eada819610c6df08c,2021-05-05_03-18-36,1620184716,1075.579778432846,23412,gpu2,135.181.63.164,1075.579778432846,0,102,11f54_00000
0.36148385964478963,59.27237354085603,10.19890284538269,False,,,103,5d3bd3f18af4476eada819610c6df08c,2021-05-05_03-18-46,1620184726,1085.7786812782288,23412,gpu2,135.181.63.164,1085.7786812782288,0,103,11f54_00000
0.3672433363324473,48.43968871595331,9.984848260879517,False,,,104,5d3bd3f18af4476eada819610c6df08c,2021-05-05_03-18-56,1620184736,1095.7635295391083,23412,gpu2,135.181.63.164,1095.7635295391083,0,104,11f54_00000
0.3710627463077293,37.97276264591439,9.840116739273071,False,,,105,5d3bd3f18af4476eada819610c6df08c,2021-05-05_03-19-06,1620184746,1105.6036462783813,23412,gpu2,135.181.63.164,1105.6036462783813,0,105,11f54_00000
0.36677203939118735,83.41634241245136,10.276981592178345,False,,,106,5d3bd3f18af4476eada819610c6df08c,2021-05-05_03-19-16,1620184756,1115.8806278705597,23412,gpu2,135.181.63.164,1115.8806278705597,0,106,11f54_00000
0.3661134326504362,36.50194552529183,9.802846908569336,False,,,107,5d3bd3f18af4476eada819610c6df08c,2021-05-05_03-19-26,1620184766,1125.683474779129,23412,gpu2,135.181.63.164,1125.683474779129,0,107,11f54_00000
0.36860993307388246,39.6692607003891,9.899515867233276,False,,,108,5d3bd3f18af4476eada819610c6df08c,2021-05-05_03-19-36,1620184776,1135.5829906463623,23412,gpu2,135.181.63.164,1135.5829906463623,0,108,11f54_00000
0.3603321476205314,38.4863813229572,9.944239854812622,False,,,109,5d3bd3f18af4476eada819610c6df08c,2021-05-05_03-19-46,1620184786,1145.527230501175,23412,gpu2,135.181.63.164,1145.527230501175,0,109,11f54_00000
0.37093162165541593,72.6614785992218,10.085094928741455,False,,,110,5d3bd3f18af4476eada819610c6df08c,2021-05-05_03-19-56,1620184796,1155.6123254299164,23412,gpu2,135.181.63.164,1155.6123254299164,0,110,11f54_00000
0.3603165882570734,55.62645914396887,10.550873517990112,False,,,111,5d3bd3f18af4476eada819610c6df08c,2021-05-05_03-20-07,1620184807,1166.1631989479065,23412,gpu2,135.181.63.164,1166.1631989479065,0,111,11f54_00000
0.36560025567674453,93.48249027237354,10.540886402130127,False,,,112,5d3bd3f18af4476eada819610c6df08c,2021-05-05_03-20-17,1620184817,1176.7040853500366,23412,gpu2,135.181.63.164,1176.7040853500366,0,112,11f54_00000
0.3538801178394125,37.11284046692607,9.99095869064331,False,,,113,5d3bd3f18af4476eada819610c6df08c,2021-05-05_03-20-27,1620184827,1186.69504404068,23412,gpu2,135.181.63.164,1186.69504404068,0,113,11f54_00000
0.34607100208445746,39.34241245136187,10.083145380020142,False,,,114,5d3bd3f18af4476eada819610c6df08c,2021-05-05_03-20-37,1620184837,1196.7781894207,23412,gpu2,135.181.63.164,1196.7781894207,0,114,11f54_00000
0.34615393835282976,30.813229571984436,9.826351642608643,False,,,115,5d3bd3f18af4476eada819610c6df08c,2021-05-05_03-20-47,1620184847,1206.6045410633087,23412,gpu2,135.181.63.164,1206.6045410633087,0,115,11f54_00000
0.35340036028554006,67.34630350194553,10.49003267288208,False,,,116,5d3bd3f18af4476eada819610c6df08c,2021-05-05_03-20-58,1620184858,1217.0945737361908,23412,gpu2,135.181.63.164,1217.0945737361908,0,116,11f54_00000
0.3608957988278875,58.28793774319066,10.093571901321411,False,,,117,5d3bd3f18af4476eada819610c6df08c,2021-05-05_03-21-08,1620184868,1227.1881456375122,23412,gpu2,135.181.63.164,1227.1881456375122,0,117,11f54_00000
0.356609444673887,47.72373540856031,9.835326671600342,False,,,118,5d3bd3f18af4476eada819610c6df08c,2021-05-05_03-21-18,1620184878,1237.0234723091125,23412,gpu2,135.181.63.164,1237.0234723091125,0,118,11f54_00000
0.3505532565283868,33.8443579766537,10.019529819488525,False,,,119,5d3bd3f18af4476eada819610c6df08c,2021-05-05_03-21-28,1620184888,1247.043002128601,23412,gpu2,135.181.63.164,1247.043002128601,0,119,11f54_00000
0.3576179868052442,34.793774319066145,9.694942712783813,False,,,120,5d3bd3f18af4476eada819610c6df08c,2021-05-05_03-21-37,1620184897,1256.737944841385,23412,gpu2,135.181.63.164,1256.737944841385,0,120,11f54_00000
0.3567771985836994,39.552529182879375,9.730907917022705,False,,,121,5d3bd3f18af4476eada819610c6df08c,2021-05-05_03-21-47,1620184907,1266.4688527584076,23412,gpu2,135.181.63.164,1266.4688527584076,0,121,11f54_00000
0.33206806850804427,31.95330739299611,9.895296096801758,False,,,122,5d3bd3f18af4476eada819610c6df08c,2021-05-05_03-21-57,1620184917,1276.3641488552094,23412,gpu2,135.181.63.164,1276.3641488552094,0,122,11f54_00000
0.3511741986998324,28.67704280155642,9.814007043838501,False,,,123,5d3bd3f18af4476eada819610c6df08c,2021-05-05_03-22-07,1620184927,1286.1781558990479,23412,gpu2,135.181.63.164,1286.1781558990479,0,123,11f54_00000
0.3496056864697646,28.35408560311284,9.855882406234741,False,,,124,5d3bd3f18af4476eada819610c6df08c,2021-05-05_03-22-17,1620184937,1296.0340383052826,23412,gpu2,135.181.63.164,1296.0340383052826,0,124,11f54_00000
0.34228688919126754,47.268482490272376,10.053325653076172,False,,,125,5d3bd3f18af4476eada819610c6df08c,2021-05-05_03-22-27,1620184947,1306.0873639583588,23412,gpu2,135.181.63.164,1306.0873639583588,0,125,11f54_00000
0.34521262840538175,30.47859922178988,9.886120796203613,False,,,126,5d3bd3f18af4476eada819610c6df08c,2021-05-05_03-22-37,1620184957,1315.9734847545624,23412,gpu2,135.181.63.164,1315.9734847545624,0,126,11f54_00000
0.34916900753511065,47.249027237354085,10.166731119155884,False,,,127,5d3bd3f18af4476eada819610c6df08c,2021-05-05_03-22-47,1620184967,1326.1402158737183,23412,gpu2,135.181.63.164,1326.1402158737183,0,127,11f54_00000
0.34466698568618714,48.36964980544747,9.943031072616577,False,,,128,5d3bd3f18af4476eada819610c6df08c,2021-05-05_03-22-57,1620184977,1336.0832469463348,23412,gpu2,135.181.63.164,1336.0832469463348,0,128,11f54_00000
0.3375927520633208,34.05058365758755,9.95000147819519,False,,,129,5d3bd3f18af4476eada819610c6df08c,2021-05-05_03-23-07,1620184987,1346.03324842453,23412,gpu2,135.181.63.164,1346.03324842453,0,129,11f54_00000
0.34033227616247036,28.836575875486382,9.934579133987427,False,,,130,5d3bd3f18af4476eada819610c6df08c,2021-05-05_03-23-17,1620184997,1355.9678275585175,23412,gpu2,135.181.63.164,1355.9678275585175,0,130,11f54_00000
0.33388701487144146,60.39299610894942,10.193473815917969,False,,,131,5d3bd3f18af4476eada819610c6df08c,2021-05-05_03-23-27,1620185007,1366.1613013744354,23412,gpu2,135.181.63.164,1366.1613013744354,0,131,11f54_00000
0.3349618763311364,28.155642023346303,10.021185159683228,False,,,132,5d3bd3f18af4476eada819610c6df08c,2021-05-05_03-23-37,1620185017,1376.1824865341187,23412,gpu2,135.181.63.164,1376.1824865341187,0,132,11f54_00000
0.3330129556618776,35.929961089494164,10.236308574676514,False,,,133,5d3bd3f18af4476eada819610c6df08c,2021-05-05_03-23-47,1620185027,1386.4187951087952,23412,gpu2,135.181.63.164,1386.4187951087952,0,133,11f54_00000
0.33772547235748646,70.3852140077821,10.318266868591309,False,,,134,5d3bd3f18af4476eada819610c6df08c,2021-05-05_03-23-57,1620185037,1396.7370619773865,23412,gpu2,135.181.63.164,1396.7370619773865,0,134,11f54_00000
0.33156062471263603,28.715953307392997,9.718148946762085,False,,,135,5d3bd3f18af4476eada819610c6df08c,2021-05-05_03-24-07,1620185047,1406.4552109241486,23412,gpu2,135.181.63.164,1406.4552109241486,0,135,11f54_00000
0.3325365897746402,42.824902723735406,9.86989712715149,False,,,136,5d3bd3f18af4476eada819610c6df08c,2021-05-05_03-24-17,1620185057,1416.3251080513,23412,gpu2,135.181.63.164,1416.3251080513,0,136,11f54_00000
0.3397485124461846,56.766536964980546,10.275875329971313,False,,,137,5d3bd3f18af4476eada819610c6df08c,2021-05-05_03-24-27,1620185067,1426.6009833812714,23412,gpu2,135.181.63.164,1426.6009833812714,0,137,11f54_00000
0.33189113038059337,41.766536964980546,9.726543664932251,False,,,138,5d3bd3f18af4476eada819610c6df08c,2021-05-05_03-24-37,1620185077,1436.3275270462036,23412,gpu2,135.181.63.164,1436.3275270462036,0,138,11f54_00000
0.34947784958182604,31.622568093385215,10.011873483657837,False,,,139,5d3bd3f18af4476eada819610c6df08c,2021-05-05_03-24-47,1620185087,1446.3394005298615,23412,gpu2,135.181.63.164,1446.3394005298615,0,139,11f54_00000
0.3305751600154179,38.91828793774319,9.887579202651978,False,,,140,5d3bd3f18af4476eada819610c6df08c,2021-05-05_03-24-57,1620185097,1456.2269797325134,23412,gpu2,135.181.63.164,1456.2269797325134,0,140,11f54_00000
0.3235436970157846,47.490272373540854,10.132015228271484,False,,,141,5d3bd3f18af4476eada819610c6df08c,2021-05-05_03-25-07,1620185107,1466.358994960785,23412,gpu2,135.181.63.164,1466.358994960785,0,141,11f54_00000
0.32672807493098516,32.16342412451362,10.051286935806274,False,,,142,5d3bd3f18af4476eada819610c6df08c,2021-05-05_03-25-17,1620185117,1476.4102818965912,23412,gpu2,135.181.63.164,1476.4102818965912,0,142,11f54_00000
0.3259459172705268,33.83657587548638,9.837083339691162,False,,,143,5d3bd3f18af4476eada819610c6df08c,2021-05-05_03-25-27,1620185127,1486.2473652362823,23412,gpu2,135.181.63.164,1486.2473652362823,0,143,11f54_00000
0.3221090480047441,30.69260700389105,9.690749883651733,False,,,144,5d3bd3f18af4476eada819610c6df08c,2021-05-05_03-25-37,1620185137,1495.938115119934,23412,gpu2,135.181.63.164,1495.938115119934,0,144,11f54_00000
0.32639685679038677,40.13229571984436,10.026926040649414,False,,,145,5d3bd3f18af4476eada819610c6df08c,2021-05-05_03-25-47,1620185147,1505.9650411605835,23412,gpu2,135.181.63.164,1505.9650411605835,0,145,11f54_00000
0.3391204121511734,34.8988326848249,9.989573240280151,False,,,146,5d3bd3f18af4476eada819610c6df08c,2021-05-05_03-25-57,1620185157,1515.9546144008636,23412,gpu2,135.181.63.164,1515.9546144008636,0,146,11f54_00000
0.3404724848409571,41.463035019455255,10.05679988861084,False,,,147,5d3bd3f18af4476eada819610c6df08c,2021-05-05_03-26-07,1620185167,1526.0114142894745,23412,gpu2,135.181.63.164,1526.0114142894745,0,147,11f54_00000
0.3280223556993536,29.03112840466926,9.804636478424072,False,,,148,5d3bd3f18af4476eada819610c6df08c,2021-05-05_03-26-16,1620185176,1535.8160507678986,23412,gpu2,135.181.63.164,1535.8160507678986,0,148,11f54_00000
0.3150529564586595,30.762645914396888,9.868731498718262,False,,,149,5d3bd3f18af4476eada819610c6df08c,2021-05-05_03-26-26,1620185186,1545.6847822666168,23412,gpu2,135.181.63.164,1545.6847822666168,0,149,11f54_00000
0.3237454343862571,29.813229571984436,10.042897701263428,False,,,150,5d3bd3f18af4476eada819610c6df08c,2021-05-05_03-26-36,1620185196,1555.7276799678802,23412,gpu2,135.181.63.164,1555.7276799678802,0,150,11f54_00000
0.3153319785567109,35.70817120622568,9.988409757614136,False,,,151,5d3bd3f18af4476eada819610c6df08c,2021-05-05_03-26-46,1620185206,1565.7160897254944,23412,gpu2,135.181.63.164,1565.7160897254944,0,151,11f54_00000
0.32713055517886863,29.299610894941633,9.840037107467651,False,,,152,5d3bd3f18af4476eada819610c6df08c,2021-05-05_03-26-56,1620185216,1575.556126832962,23412,gpu2,135.181.63.164,1575.556126832962,0,152,11f54_00000
0.31611827375360035,34.80544747081712,9.927953004837036,False,,,153,5d3bd3f18af4476eada819610c6df08c,2021-05-05_03-27-06,1620185226,1585.484079837799,23412,gpu2,135.181.63.164,1585.484079837799,0,153,11f54_00000
0.31641984635290005,33.070038910505836,9.970332145690918,False,,,154,5d3bd3f18af4476eada819610c6df08c,2021-05-05_03-27-16,1620185236,1595.45441198349,23412,gpu2,135.181.63.164,1595.45441198349,0,154,11f54_00000
0.30706944076003734,31.622568093385215,10.006992101669312,False,,,155,5d3bd3f18af4476eada819610c6df08c,2021-05-05_03-27-26,1620185246,1605.4614040851593,23412,gpu2,135.181.63.164,1605.4614040851593,0,155,11f54_00000
0.3279168763513231,32.976653696498055,9.987493753433228,False,,,156,5d3bd3f18af4476eada819610c6df08c,2021-05-05_03-27-36,1620185256,1615.4488978385925,23412,gpu2,135.181.63.164,1615.4488978385925,0,156,11f54_00000
0.327867318684025,33.95330739299611,9.729028701782227,False,,,157,5d3bd3f18af4476eada819610c6df08c,2021-05-05_03-27-46,1620185266,1625.1779265403748,23412,gpu2,135.181.63.164,1625.1779265403748,0,157,11f54_00000
0.3193050785287345,42.19455252918288,9.861760139465332,False,,,158,5d3bd3f18af4476eada819610c6df08c,2021-05-05_03-27-56,1620185276,1635.03968667984,23412,gpu2,135.181.63.164,1635.03968667984,0,158,11f54_00000
0.32387412104625185,30.75875486381323,9.781614542007446,False,,,159,5d3bd3f18af4476eada819610c6df08c,2021-05-05_03-28-05,1620185285,1644.8213012218475,23412,gpu2,135.181.63.164,1644.8213012218475,0,159,11f54_00000
0.3209124168069446,33.43579766536965,9.963532209396362,False,,,160,5d3bd3f18af4476eada819610c6df08c,2021-05-05_03-28-15,1620185295,1654.784833431244,23412,gpu2,135.181.63.164,1654.784833431244,0,160,11f54_00000
0.3139753007703254,41.61089494163424,9.939303159713745,False,,,161,5d3bd3f18af4476eada819610c6df08c,2021-05-05_03-28-25,1620185305,1664.7241365909576,23412,gpu2,135.181.63.164,1664.7241365909576,0,161,11f54_00000
0.32051820049953833,49.459143968871594,10.181930780410767,False,,,162,5d3bd3f18af4476eada819610c6df08c,2021-05-05_03-28-35,1620185315,1674.9060673713684,23412,gpu2,135.181.63.164,1674.9060673713684,0,162,11f54_00000
0.32782271121726425,33.14785992217899,10.011910676956177,False,,,163,5d3bd3f18af4476eada819610c6df08c,2021-05-05_03-28-46,1620185326,1684.9179780483246,23412,gpu2,135.181.63.164,1684.9179780483246,0,163,11f54_00000
0.3170049236906178,39.33463035019455,10.090121984481812,False,,,164,5d3bd3f18af4476eada819610c6df08c,2021-05-05_03-28-56,1620185336,1695.0081000328064,23412,gpu2,135.181.63.164,1695.0081000328064,0,164,11f54_00000
0.30719879165233804,31.844357976653697,9.993904113769531,False,,,165,5d3bd3f18af4476eada819610c6df08c,2021-05-05_03-29-06,1620185346,1705.002004146576,23412,gpu2,135.181.63.164,1705.002004146576,0,165,11f54_00000
0.328030723542091,36.54863813229572,9.762518405914307,False,,,166,5d3bd3f18af4476eada819610c6df08c,2021-05-05_03-29-15,1620185355,1714.7645225524902,23412,gpu2,135.181.63.164,1714.7645225524902,0,166,11f54_00000
0.3143213027182256,34.1011673151751,9.931351900100708,False,,,167,5d3bd3f18af4476eada819610c6df08c,2021-05-05_03-29-25,1620185365,1724.695874452591,23412,gpu2,135.181.63.164,1724.695874452591,0,167,11f54_00000
0.3156259625802244,35.735408560311285,10.051265716552734,False,,,168,5d3bd3f18af4476eada819610c6df08c,2021-05-05_03-29-35,1620185375,1734.7471401691437,23412,gpu2,135.181.63.164,1734.7471401691437,0,168,11f54_00000
0.3063319462282648,37.85214007782101,9.832980155944824,False,,,169,5d3bd3f18af4476eada819610c6df08c,2021-05-05_03-29-45,1620185385,1744.5801203250885,23412,gpu2,135.181.63.164,1744.5801203250885,0,169,11f54_00000
0.3076717955593005,36.70038910505836,9.918257236480713,False,,,170,5d3bd3f18af4476eada819610c6df08c,2021-05-05_03-29-55,1620185395,1754.4983775615692,23412,gpu2,135.181.63.164,1754.4983775615692,0,170,11f54_00000
0.2994393337561463,36.83657587548638,9.948413133621216,False,,,171,5d3bd3f18af4476eada819610c6df08c,2021-05-05_03-30-05,1620185405,1764.4467906951904,23412,gpu2,135.181.63.164,1764.4467906951904,0,171,11f54_00000
0.3169060161605419,38.10505836575876,9.943978071212769,False,,,172,5d3bd3f18af4476eada819610c6df08c,2021-05-05_03-30-15,1620185415,1774.3907687664032,23412,gpu2,135.181.63.164,1774.3907687664032,0,172,11f54_00000
0.2991505596888204,35.237354085603116,9.873723030090332,False,,,173,5d3bd3f18af4476eada819610c6df08c,2021-05-05_03-30-25,1620185425,1784.2644917964935,23412,gpu2,135.181.63.164,1784.2644917964935,0,173,11f54_00000
0.31524104552510185,35.17120622568093,9.923063039779663,False,,,174,5d3bd3f18af4476eada819610c6df08c,2021-05-05_03-30-35,1620185435,1794.1875548362732,23412,gpu2,135.181.63.164,1794.1875548362732,0,174,11f54_00000
0.3111285346955177,31.723735408560312,9.947147607803345,False,,,175,5d3bd3f18af4476eada819610c6df08c,2021-05-05_03-30-45,1620185445,1804.1347024440765,23412,gpu2,135.181.63.164,1804.1347024440765,0,175,11f54_00000
0.30670312220948215,32.929961089494164,9.871917486190796,False,,,176,5d3bd3f18af4476eada819610c6df08c,2021-05-05_03-30-55,1620185455,1814.0066199302673,23412,gpu2,135.181.63.164,1814.0066199302673,0,176,11f54_00000
0.2952206682138406,34.05058365758755,10.025691270828247,False,,,177,5d3bd3f18af4476eada819610c6df08c,2021-05-05_03-31-05,1620185465,1824.0323112010956,23412,gpu2,135.181.63.164,1824.0323112010956,0,177,11f54_00000
0.30427995080613907,33.43579766536965,9.669466733932495,False,,,178,5d3bd3f18af4476eada819610c6df08c,2021-05-05_03-31-14,1620185474,1833.701777935028,23412,gpu2,135.181.63.164,1833.701777935028,0,178,11f54_00000
0.3057774124442371,32.24513618677043,9.806085586547852,False,,,179,5d3bd3f18af4476eada819610c6df08c,2021-05-05_03-31-24,1620185484,1843.507863521576,23412,gpu2,135.181.63.164,1843.507863521576,0,179,11f54_00000
0.29890845257948345,33.13618677042802,9.899746656417847,False,,,180,5d3bd3f18af4476eada819610c6df08c,2021-05-05_03-31-34,1620185494,1853.4076101779938,23412,gpu2,135.181.63.164,1853.4076101779938,0,180,11f54_00000
0.3037003617342344,33.73929961089494,9.937162399291992,False,,,181,5d3bd3f18af4476eada819610c6df08c,2021-05-05_03-31-44,1620185504,1863.3447725772858,23412,gpu2,135.181.63.164,1863.3447725772858,0,181,11f54_00000
0.3020256354187249,34.719844357976655,9.95119047164917,False,,,182,5d3bd3f18af4476eada819610c6df08c,2021-05-05_03-31-54,1620185514,1873.295963048935,23412,gpu2,135.181.63.164,1873.295963048935,0,182,11f54_00000
0.29143173499793856,34.04669260700389,9.900668621063232,False,,,183,5d3bd3f18af4476eada819610c6df08c,2021-05-05_03-32-04,1620185524,1883.1966316699982,23412,gpu2,135.181.63.164,1883.1966316699982,0,183,11f54_00000
0.28885764556172294,41.249027237354085,9.91246223449707,False,,,184,5d3bd3f18af4476eada819610c6df08c,2021-05-05_03-32-14,1620185534,1893.1090939044952,23412,gpu2,135.181.63.164,1893.1090939044952,0,184,11f54_00000
0.2977714724113969,36.9260700389105,10.140929222106934,False,,,185,5d3bd3f18af4476eada819610c6df08c,2021-05-05_03-32-24,1620185544,1903.2500231266022,23412,gpu2,135.181.63.164,1903.2500231266022,0,185,11f54_00000
0.31049965142276037,34.536964980544745,9.981870174407959,False,,,186,5d3bd3f18af4476eada819610c6df08c,2021-05-05_03-32-34,1620185554,1913.2318933010101,23412,gpu2,135.181.63.164,1913.2318933010101,0,186,11f54_00000
0.2996421324139903,34.40856031128405,9.928292751312256,False,,,187,5d3bd3f18af4476eada819610c6df08c,2021-05-05_03-32-44,1620185564,1923.1601860523224,23412,gpu2,135.181.63.164,1923.1601860523224,0,187,11f54_00000
0.32306033627996183,32.311284046692606,9.680195331573486,False,,,188,5d3bd3f18af4476eada819610c6df08c,2021-05-05_03-32-53,1620185573,1932.8403813838959,23412,gpu2,135.181.63.164,1932.8403813838959,0,188,11f54_00000
0.3143499982960029,34.98443579766537,10.020982503890991,False,,,189,5d3bd3f18af4476eada819610c6df08c,2021-05-05_03-33-03,1620185583,1942.8613638877869,23412,gpu2,135.181.63.164,1942.8613638877869,0,189,11f54_00000
0.29912208675874347,33.766536964980546,10.066422939300537,False,,,190,5d3bd3f18af4476eada819610c6df08c,2021-05-05_03-33-14,1620185594,1952.9277868270874,23412,gpu2,135.181.63.164,1952.9277868270874,0,190,11f54_00000
0.29953773661810135,32.2295719844358,9.920064210891724,False,,,191,5d3bd3f18af4476eada819610c6df08c,2021-05-05_03-33-23,1620185603,1962.8478510379791,23412,gpu2,135.181.63.164,1962.8478510379791,0,191,11f54_00000
0.30630835670441503,37.83268482490272,9.945759296417236,False,,,192,5d3bd3f18af4476eada819610c6df08c,2021-05-05_03-33-33,1620185613,1972.7936103343964,23412,gpu2,135.181.63.164,1972.7936103343964,0,192,11f54_00000
0.31586513073991707,49.36964980544747,10.090576887130737,False,,,193,5d3bd3f18af4476eada819610c6df08c,2021-05-05_03-33-43,1620185623,1982.884187221527,23412,gpu2,135.181.63.164,1982.884187221527,0,193,11f54_00000
0.29523291383735867,38.24124513618677,10.034805536270142,False,,,194,5d3bd3f18af4476eada819610c6df08c,2021-05-05_03-33-54,1620185634,1992.9189927577972,23412,gpu2,135.181.63.164,1992.9189927577972,0,194,11f54_00000
0.3171543425623081,42.16342412451362,9.999778270721436,False,,,195,5d3bd3f18af4476eada819610c6df08c,2021-05-05_03-34-04,1620185644,2002.9187710285187,23412,gpu2,135.181.63.164,2002.9187710285187,0,195,11f54_00000
0.28503385313753954,32.8988326848249,10.448609113693237,False,,,196,5d3bd3f18af4476eada819610c6df08c,2021-05-05_03-34-14,1620185654,2013.367380142212,23412,gpu2,135.181.63.164,2013.367380142212,0,196,11f54_00000
0.3025010402100559,32.51750972762646,10.005903244018555,False,,,197,5d3bd3f18af4476eada819610c6df08c,2021-05-05_03-34-24,1620185664,2023.3732833862305,23412,gpu2,135.181.63.164,2023.3732833862305,0,197,11f54_00000
0.2813762338244961,33.92217898832685,10.0630784034729,False,,,198,5d3bd3f18af4476eada819610c6df08c,2021-05-05_03-34-34,1620185674,2033.4363617897034,23412,gpu2,135.181.63.164,2033.4363617897034,0,198,11f54_00000
0.29333054138064846,34.70817120622568,9.984607934951782,False,,,199,5d3bd3f18af4476eada819610c6df08c,2021-05-05_03-34-44,1620185684,2043.4209697246552,23412,gpu2,135.181.63.164,2043.4209697246552,0,199,11f54_00000
0.2924451308491629,38.463035019455255,9.8094162940979,False,,,200,5d3bd3f18af4476eada819610c6df08c,2021-05-05_03-34-54,1620185694,2053.230386018753,23412,gpu2,135.181.63.164,2053.230386018753,0,200,11f54_00000
0.2889654627106069,38.01945525291829,10.08277702331543,False,,,201,5d3bd3f18af4476eada819610c6df08c,2021-05-05_03-35-04,1620185704,2063.3131630420685,23412,gpu2,135.181.63.164,2063.3131630420685,0,201,11f54_00000
0.29444807327211137,40.84824902723735,10.042735576629639,False,,,202,5d3bd3f18af4476eada819610c6df08c,2021-05-05_03-35-14,1620185714,2073.355898618698,23412,gpu2,135.181.63.164,2073.355898618698,0,202,11f54_00000
0.28509125542547914,32.52918287937743,9.8092942237854,False,,,203,5d3bd3f18af4476eada819610c6df08c,2021-05-05_03-35-24,1620185724,2083.1651928424835,23412,gpu2,135.181.63.164,2083.1651928424835,0,203,11f54_00000
0.2872724607296955,34.4124513618677,9.760628700256348,False,,,204,5d3bd3f18af4476eada819610c6df08c,2021-05-05_03-35-34,1620185734,2092.92582154274,23412,gpu2,135.181.63.164,2092.92582154274,0,204,11f54_00000
0.29110306617350895,36.24124513618677,10.156010389328003,False,,,205,5d3bd3f18af4476eada819610c6df08c,2021-05-05_03-35-44,1620185744,2103.081831932068,23412,gpu2,135.181.63.164,2103.081831932068,0,205,11f54_00000
0.2857309371117024,37.233463035019454,9.996848106384277,False,,,206,5d3bd3f18af4476eada819610c6df08c,2021-05-05_03-35-54,1620185754,2113.078680038452,23412,gpu2,135.181.63.164,2113.078680038452,0,206,11f54_00000
0.28153361977306324,33.81322957198444,9.800656795501709,False,,,207,5d3bd3f18af4476eada819610c6df08c,2021-05-05_03-36-03,1620185763,2122.879336833954,23412,gpu2,135.181.63.164,2122.879336833954,0,207,11f54_00000
0.28618327560127943,34.0739299610895,9.973391771316528,False,,,208,5d3bd3f18af4476eada819610c6df08c,2021-05-05_03-36-13,1620185773,2132.8527286052704,23412,gpu2,135.181.63.164,2132.8527286052704,0,208,11f54_00000
0.2743016402545142,31.898832684824903,9.788936853408813,False,,,209,5d3bd3f18af4476eada819610c6df08c,2021-05-05_03-36-23,1620185783,2142.641665458679,23412,gpu2,135.181.63.164,2142.641665458679,0,209,11f54_00000
0.28696337748130474,31.27237354085603,9.831840991973877,False,,,210,5d3bd3f18af4476eada819610c6df08c,2021-05-05_03-36-33,1620185793,2152.473506450653,23412,gpu2,135.181.63.164,2152.473506450653,0,210,11f54_00000
0.29234690610536807,35.18677042801556,10.048904657363892,False,,,211,5d3bd3f18af4476eada819610c6df08c,2021-05-05_03-36-43,1620185803,2162.522411108017,23412,gpu2,135.181.63.164,2162.522411108017,0,211,11f54_00000
0.29739015482742964,35.1556420233463,9.898903131484985,False,,,212,5d3bd3f18af4476eada819610c6df08c,2021-05-05_03-36-53,1620185813,2172.421314239502,23412,gpu2,135.181.63.164,2172.421314239502,0,212,11f54_00000
0.2977320600576438,36.92217898832685,9.913288593292236,False,,,213,5d3bd3f18af4476eada819610c6df08c,2021-05-05_03-37-03,1620185823,2182.334602832794,23412,gpu2,135.181.63.164,2182.334602832794,0,213,11f54_00000
0.29951250321206413,38.96887159533074,10.034371137619019,False,,,214,5d3bd3f18af4476eada819610c6df08c,2021-05-05_03-37-13,1620185833,2192.368973970413,23412,gpu2,135.181.63.164,2192.368973970413,0,214,11f54_00000
0.29424646577946406,39.16342412451362,9.98615288734436,False,,,215,5d3bd3f18af4476eada819610c6df08c,2021-05-05_03-37-23,1620185843,2202.3551268577576,23412,gpu2,135.181.63.164,2202.3551268577576,0,215,11f54_00000
0.28148536830560705,37.35408560311284,10.053988695144653,False,,,216,5d3bd3f18af4476eada819610c6df08c,2021-05-05_03-37-33,1620185853,2212.409115552902,23412,gpu2,135.181.63.164,2212.409115552902,0,216,11f54_00000
0.27737762584760495,40.221789883268485,10.001922607421875,False,,,217,5d3bd3f18af4476eada819610c6df08c,2021-05-05_03-37-43,1620185863,2222.411038160324,23412,gpu2,135.181.63.164,2222.411038160324,0,217,11f54_00000
0.2837703571245364,34.505836575875485,9.8403959274292,False,,,218,5d3bd3f18af4476eada819610c6df08c,2021-05-05_03-37-53,1620185873,2232.2514340877533,23412,gpu2,135.181.63.164,2232.2514340877533,0,218,11f54_00000
0.28857784419672033,36.525291828793776,9.706328630447388,False,,,219,5d3bd3f18af4476eada819610c6df08c,2021-05-05_03-38-03,1620185883,2241.9577627182007,23412,gpu2,135.181.63.164,2241.9577627182007,0,219,11f54_00000
0.2876414399202696,41.268482490272376,9.900689125061035,False,,,220,5d3bd3f18af4476eada819610c6df08c,2021-05-05_03-38-12,1620185892,2251.8584518432617,23412,gpu2,135.181.63.164,2251.8584518432617,0,220,11f54_00000
0.2886826593124449,37.66536964980545,10.010821342468262,False,,,221,5d3bd3f18af4476eada819610c6df08c,2021-05-05_03-38-22,1620185902,2261.86927318573,23412,gpu2,135.181.63.164,2261.86927318573,0,221,11f54_00000
0.28562484919329095,36.3579766536965,10.041205406188965,False,,,222,5d3bd3f18af4476eada819610c6df08c,2021-05-05_03-38-33,1620185913,2271.910478591919,23412,gpu2,135.181.63.164,2271.910478591919,0,222,11f54_00000
0.2808294630236199,35.3579766536965,9.921683311462402,False,,,223,5d3bd3f18af4476eada819610c6df08c,2021-05-05_03-38-42,1620185922,2281.8321619033813,23412,gpu2,135.181.63.164,2281.8321619033813,0,223,11f54_00000
0.2798956414604929,34.06225680933852,9.719940185546875,False,,,224,5d3bd3f18af4476eada819610c6df08c,2021-05-05_03-38-52,1620185932,2291.552102088928,23412,gpu2,135.181.63.164,2291.552102088928,0,224,11f54_00000
0.28196504422198937,32.37743190661479,9.799463987350464,False,,,225,5d3bd3f18af4476eada819610c6df08c,2021-05-05_03-39-02,1620185942,2301.3515660762787,23412,gpu2,135.181.63.164,2301.3515660762787,0,225,11f54_00000
0.2836922523112613,31.182879377431906,9.676444292068481,False,,,226,5d3bd3f18af4476eada819610c6df08c,2021-05-05_03-39-12,1620185952,2311.028010368347,23412,gpu2,135.181.63.164,2311.028010368347,0,226,11f54_00000
0.29045811515837794,34.268482490272376,9.928946018218994,False,,,227,5d3bd3f18af4476eada819610c6df08c,2021-05-05_03-39-22,1620185962,2320.956956386566,23412,gpu2,135.181.63.164,2320.956956386566,0,227,11f54_00000
0.28526384821197864,33.95330739299611,9.670248031616211,False,,,228,5d3bd3f18af4476eada819610c6df08c,2021-05-05_03-39-31,1620185971,2330.6272044181824,23412,gpu2,135.181.63.164,2330.6272044181824,0,228,11f54_00000
0.28545941453035706,38.83657587548638,9.876953125,False,,,229,5d3bd3f18af4476eada819610c6df08c,2021-05-05_03-39-41,1620185981,2340.5041575431824,23412,gpu2,135.181.63.164,2340.5041575431824,0,229,11f54_00000
0.291265172253323,36.054474708171206,9.84944772720337,False,,,230,5d3bd3f18af4476eada819610c6df08c,2021-05-05_03-39-51,1620185991,2350.3536052703857,23412,gpu2,135.181.63.164,2350.3536052703857,0,230,11f54_00000
0.29409718791798395,37.735408560311285,10.286892175674438,False,,,231,5d3bd3f18af4476eada819610c6df08c,2021-05-05_03-40-01,1620186001,2360.64049744606,23412,gpu2,135.181.63.164,2360.64049744606,0,231,11f54_00000
0.28377932611606466,37.61089494163424,9.996696949005127,False,,,232,5d3bd3f18af4476eada819610c6df08c,2021-05-05_03-40-11,1620186011,2370.6371943950653,23412,gpu2,135.181.63.164,2370.6371943950653,0,232,11f54_00000
0.2769077835379871,40.31517509727627,9.962778091430664,False,,,233,5d3bd3f18af4476eada819610c6df08c,2021-05-05_03-40-21,1620186021,2380.599972486496,23412,gpu2,135.181.63.164,2380.599972486496,0,233,11f54_00000
0.2686892817456435,41.17898832684825,10.016730546951294,False,,,234,5d3bd3f18af4476eada819610c6df08c,2021-05-05_03-40-31,1620186031,2390.6167030334473,23412,gpu2,135.181.63.164,2390.6167030334473,0,234,11f54_00000
0.28269230438113674,35.35019455252918,9.903629302978516,False,,,235,5d3bd3f18af4476eada819610c6df08c,2021-05-05_03-40-41,1620186041,2400.520332336426,23412,gpu2,135.181.63.164,2400.520332336426,0,235,11f54_00000
0.28824927185296084,36.583657587548636,9.819062232971191,False,,,236,5d3bd3f18af4476eada819610c6df08c,2021-05-05_03-40-51,1620186051,2410.339394569397,23412,gpu2,135.181.63.164,2410.339394569397,0,236,11f54_00000
0.28145051280812067,33.505836575875485,9.584866046905518,False,,,237,5d3bd3f18af4476eada819610c6df08c,2021-05-05_03-41-01,1620186061,2419.9242606163025,23412,gpu2,135.181.63.164,2419.9242606163025,0,237,11f54_00000
0.2684314779734333,30.844357976653697,9.639886140823364,False,,,238,5d3bd3f18af4476eada819610c6df08c,2021-05-05_03-41-10,1620186070,2429.564146757126,23412,gpu2,135.181.63.164,2429.564146757126,0,238,11f54_00000
0.2756675579204634,33.86381322957198,9.950644254684448,False,,,239,5d3bd3f18af4476eada819610c6df08c,2021-05-05_03-41-20,1620186080,2439.5147910118103,23412,gpu2,135.181.63.164,2439.5147910118103,0,239,11f54_00000
0.28344380345325987,33.04280155642024,9.93902063369751,False,,,240,5d3bd3f18af4476eada819610c6df08c,2021-05-05_03-41-30,1620186090,2449.453811645508,23412,gpu2,135.181.63.164,2449.453811645508,0,240,11f54_00000
0.2605333884866321,32.6147859922179,9.747371435165405,False,,,241,5d3bd3f18af4476eada819610c6df08c,2021-05-05_03-41-40,1620186100,2459.201183080673,23412,gpu2,135.181.63.164,2459.201183080673,0,241,11f54_00000
0.27687035645956193,35.762645914396884,9.766735553741455,False,,,242,5d3bd3f18af4476eada819610c6df08c,2021-05-05_03-41-50,1620186110,2468.9679186344147,23412,gpu2,135.181.63.164,2468.9679186344147,0,242,11f54_00000
0.2871604392500703,37.431906614785994,9.987856149673462,False,,,243,5d3bd3f18af4476eada819610c6df08c,2021-05-05_03-42-00,1620186120,2478.955774784088,23412,gpu2,135.181.63.164,2478.955774784088,0,243,11f54_00000
0.25518117897241493,38.94941634241245,9.906689882278442,False,,,244,5d3bd3f18af4476eada819610c6df08c,2021-05-05_03-42-09,1620186129,2488.8624646663666,23412,gpu2,135.181.63.164,2488.8624646663666,0,244,11f54_00000
0.26852752819135495,35.96887159533074,10.000210762023926,False,,,245,5d3bd3f18af4476eada819610c6df08c,2021-05-05_03-42-19,1620186139,2498.8626754283905,23412,gpu2,135.181.63.164,2498.8626754283905,0,245,11f54_00000
0.2656519106853797,34.38132295719844,10.139236450195312,False,,,246,5d3bd3f18af4476eada819610c6df08c,2021-05-05_03-42-30,1620186150,2509.001911878586,23412,gpu2,135.181.63.164,2509.001911878586,0,246,11f54_00000
0.27582589383255185,34.264591439688715,9.841099739074707,False,,,247,5d3bd3f18af4476eada819610c6df08c,2021-05-05_03-42-39,1620186159,2518.8430116176605,23412,gpu2,135.181.63.164,2518.8430116176605,0,247,11f54_00000
0.27180743310238137,35.07782101167315,9.8723783493042,False,,,248,5d3bd3f18af4476eada819610c6df08c,2021-05-05_03-42-49,1620186169,2528.7153899669647,23412,gpu2,135.181.63.164,2528.7153899669647,0,248,11f54_00000
0.2823831617600259,34.31906614785992,9.941059589385986,False,,,249,5d3bd3f18af4476eada819610c6df08c,2021-05-05_03-42-59,1620186179,2538.6564495563507,23412,gpu2,135.181.63.164,2538.6564495563507,0,249,11f54_00000
0.27285451926146037,33.89494163424124,9.868690490722656,False,,,250,5d3bd3f18af4476eada819610c6df08c,2021-05-05_03-43-09,1620186189,2548.5251400470734,23412,gpu2,135.181.63.164,2548.5251400470734,0,250,11f54_00000
0.2626815454505297,33.40466926070039,9.73287558555603,False,,,251,5d3bd3f18af4476eada819610c6df08c,2021-05-05_03-43-19,1620186199,2558.2580156326294,23412,gpu2,135.181.63.164,2558.2580156326294,0,251,11f54_00000
0.27529362852935196,35.96887159533074,10.025940179824829,False,,,252,5d3bd3f18af4476eada819610c6df08c,2021-05-05_03-43-29,1620186209,2568.283955812454,23412,gpu2,135.181.63.164,2568.283955812454,0,252,11f54_00000
0.27738975272568284,34.18287937743191,10.090632438659668,False,,,253,5d3bd3f18af4476eada819610c6df08c,2021-05-05_03-43-39,1620186219,2578.374588251114,23412,gpu2,135.181.63.164,2578.374588251114,0,253,11f54_00000
0.26923408211437183,31.90272373540856,10.094448804855347,False,,,254,5d3bd3f18af4476eada819610c6df08c,2021-05-05_03-43-49,1620186229,2588.4690370559692,23412,gpu2,135.181.63.164,2588.4690370559692,0,254,11f54_00000
0.27920088786559344,35.80544747081712,10.014778137207031,False,,,255,5d3bd3f18af4476eada819610c6df08c,2021-05-05_03-43-59,1620186239,2598.4838151931763,23412,gpu2,135.181.63.164,2598.4838151931763,0,255,11f54_00000
0.26056018042657164,33.71206225680934,9.90766978263855,False,,,256,5d3bd3f18af4476eada819610c6df08c,2021-05-05_03-44-09,1620186249,2608.391484975815,23412,gpu2,135.181.63.164,2608.391484975815,0,256,11f54_00000
0.2698116784893585,32.73929961089494,9.857085227966309,False,,,257,5d3bd3f18af4476eada819610c6df08c,2021-05-05_03-44-19,1620186259,2618.248570203781,23412,gpu2,135.181.63.164,2618.248570203781,0,257,11f54_00000
0.2751154250208042,34.43968871595331,9.88890790939331,False,,,258,5d3bd3f18af4476eada819610c6df08c,2021-05-05_03-44-29,1620186269,2628.1374781131744,23412,gpu2,135.181.63.164,2628.1374781131744,0,258,11f54_00000
0.26025927205957794,36.2568093385214,10.003656148910522,False,,,259,5d3bd3f18af4476eada819610c6df08c,2021-05-05_03-44-39,1620186279,2638.141134262085,23412,gpu2,135.181.63.164,2638.141134262085,0,259,11f54_00000
0.26508285284970057,31.852140077821012,9.646201848983765,False,,,260,5d3bd3f18af4476eada819610c6df08c,2021-05-05_03-44-48,1620186288,2647.7873361110687,23412,gpu2,135.181.63.164,2647.7873361110687,0,260,11f54_00000
0.2645953657098317,30.972762645914397,9.628415584564209,False,,,261,5d3bd3f18af4476eada819610c6df08c,2021-05-05_03-44-58,1620186298,2657.415751695633,23412,gpu2,135.181.63.164,2657.415751695633,0,261,11f54_00000
0.2815526227542862,34.60311284046693,10.073054552078247,False,,,262,5d3bd3f18af4476eada819610c6df08c,2021-05-05_03-45-08,1620186308,2667.488806247711,23412,gpu2,135.181.63.164,2667.488806247711,0,262,11f54_00000
0.2790436577704166,34.011673151750976,9.84926962852478,False,,,263,5d3bd3f18af4476eada819610c6df08c,2021-05-05_03-45-18,1620186318,2677.338075876236,23412,gpu2,135.181.63.164,2677.338075876236,0,263,11f54_00000
0.27701712582361837,34.36186770428016,9.854247093200684,False,,,264,5d3bd3f18af4476eada819610c6df08c,2021-05-05_03-45-28,1620186328,2687.1923229694366,23412,gpu2,135.181.63.164,2687.1923229694366,0,264,11f54_00000
0.28679669970204397,33.26070038910506,9.889343023300171,False,,,265,5d3bd3f18af4476eada819610c6df08c,2021-05-05_03-45-38,1620186338,2697.081665992737,23412,gpu2,135.181.63.164,2697.081665992737,0,265,11f54_00000
0.26016014188180175,31.992217898832685,10.012928009033203,False,,,266,5d3bd3f18af4476eada819610c6df08c,2021-05-05_03-45-48,1620186348,2707.09459400177,23412,gpu2,135.181.63.164,2707.09459400177,0,266,11f54_00000
0.2592186946349385,34.14007782101167,9.994243144989014,False,,,267,5d3bd3f18af4476eada819610c6df08c,2021-05-05_03-45-58,1620186358,2717.088837146759,23412,gpu2,135.181.63.164,2717.088837146759,0,267,11f54_00000
0.25459712952491376,32.57198443579767,9.960731983184814,False,,,268,5d3bd3f18af4476eada819610c6df08c,2021-05-05_03-46-08,1620186368,2727.049569129944,23412,gpu2,135.181.63.164,2727.049569129944,0,268,11f54_00000
0.24844548117789778,35.12062256809339,9.965610265731812,False,,,269,5d3bd3f18af4476eada819610c6df08c,2021-05-05_03-46-18,1620186378,2737.0151793956757,23412,gpu2,135.181.63.164,2737.0151793956757,0,269,11f54_00000
0.2729321639361548,34.35408560311284,9.956174850463867,False,,,270,5d3bd3f18af4476eada819610c6df08c,2021-05-05_03-46-28,1620186388,2746.9713542461395,23412,gpu2,135.181.63.164,2746.9713542461395,0,270,11f54_00000
0.2770416170706545,30.797665369649806,9.899508953094482,False,,,271,5d3bd3f18af4476eada819610c6df08c,2021-05-05_03-46-37,1620186397,2756.870863199234,23412,gpu2,135.181.63.164,2756.870863199234,0,271,11f54_00000
0.2583417335836804,31.634241245136188,9.888570308685303,False,,,272,5d3bd3f18af4476eada819610c6df08c,2021-05-05_03-46-47,1620186407,2766.7594335079193,23412,gpu2,135.181.63.164,2766.7594335079193,0,272,11f54_00000
0.2830041113530615,30.15953307392996,9.983048677444458,False,,,273,5d3bd3f18af4476eada819610c6df08c,2021-05-05_03-46-57,1620186417,2776.7424821853638,23412,gpu2,135.181.63.164,2776.7424821853638,0,273,11f54_00000
0.2553004068159408,31.155642023346303,9.815849542617798,False,,,274,5d3bd3f18af4476eada819610c6df08c,2021-05-05_03-47-07,1620186427,2786.5583317279816,23412,gpu2,135.181.63.164,2786.5583317279816,0,274,11f54_00000
0.25615133292944053,33.00389105058366,9.962211608886719,False,,,275,5d3bd3f18af4476eada819610c6df08c,2021-05-05_03-47-17,1620186437,2796.5205433368683,23412,gpu2,135.181.63.164,2796.5205433368683,0,275,11f54_00000
0.26986338470696475,34.33463035019455,9.960014820098877,False,,,276,5d3bd3f18af4476eada819610c6df08c,2021-05-05_03-47-27,1620186447,2806.480558156967,23412,gpu2,135.181.63.164,2806.480558156967,0,276,11f54_00000
0.2605849722480032,36.295719844357976,9.918941497802734,False,,,277,5d3bd3f18af4476eada819610c6df08c,2021-05-05_03-47-37,1620186457,2816.39949965477,23412,gpu2,135.181.63.164,2816.39949965477,0,277,11f54_00000
